2025-12-12T13:42:12.754933,system1,10-51-07-96-d5-49,dataset_1mb.csv,stream,success,0,1055116,0.581346,0.760390,0.000000,0.000000,0.00,
2025-12-12T13:42:12.755422,system1,10-51-07-96-d5-49,dataset_1mb.csv,stream,success,0,1055116,0.644140,0.822950,0.000000,0.000000,0.00,
2025-12-12T13:42:12.755449,system1,10-51-07-96-d5-49,dataset_1mb.csv,stream,success,0,1055116,0.685061,0.879244,0.000000,0.000000,0.00,
2025-12-12T13:42:12.755460,system1,10-51-07-96-d5-49,dataset_1mb.csv,stream,success,0,1055116,0.706838,0.903110,0.000000,0.000000,0.00,
2025-12-12T13:42:12.755469,system1,10-51-07-96-d5-49,dataset_1mb.csv,stream,success,0,1055116,0.792783,1.043243,0.000000,0.000000,0.00,
2025-12-12T13:42:12.755479,system1,10-51-07-96-d5-49,dataset_1mb.csv,stream,success,0,1055116,0.781887,1.022885,0.000000,0.000000,0.00,
2025-12-12T13:42:12.755488,system1,10-51-07-96-d5-49,dataset_1mb.csv,stream,success,0,1055116,0.831777,1.110076,0.000000,0.000000,0.00,
2025-12-12T13:42:12.755496,system1,10-51-07-96-d5-49,dataset_1mb.csv,stream,success,0,1055116,0.860230,1.108722,0.000000,0.000000,0.00,
2025-12-12T13:42:12.755506,system1,10-51-07-96-d5-49,dataset_1mb.csv,stream,success,0,1055116,0.849513,1.112308,0.000000,0.000000,0.00,
2025-12-12T13:42:12.755515,system1,10-51-07-96-d5-49,dataset_1mb.csv,stream,success,0,1055116,0.865287,1.147143,0.000000,0.000000,0.00,
2025-12-12T13:42:12.755524,system1,10-51-07-96-d5-49,dataset_1mb.csv,stream,success,0,1055116,0.899617,1.165224,0.000000,0.000000,0.00,
2025-12-12T13:42:12.755532,system1,10-51-07-96-d5-49,dataset_1mb.csv,stream,success,0,1055116,0.968787,1.344035,0.000000,0.000000,0.00,
2025-12-12T13:42:12.755541,system1,10-51-07-96-d5-49,dataset_1mb.csv,stream,success,0,1055116,1.102104,1.525865,0.000000,0.000000,0.00,
2025-12-12T13:42:12.755550,system1,10-51-07-96-d5-49,dataset_1mb.csv,stream,success,0,1055116,1.183711,1.661485,0.000000,0.000000,0.00,
2025-12-12T13:42:12.755559,system1,10-51-07-96-d5-49,dataset_1mb.csv,stream,success,0,1055116,0.963582,1.662960,0.000000,0.000000,0.00,
2025-12-12T13:42:12.755568,system1,10-51-07-96-d5-49,dataset_1mb.csv,stream,success,0,1055116,1.266445,1.660625,0.000000,0.000000,0.00,
2025-12-12T13:42:12.755576,system1,10-51-07-96-d5-49,dataset_1mb.csv,stream,success,0,1055116,1.051776,1.616311,0.000000,0.000000,0.00,
2025-12-12T13:42:12.755585,system1,10-51-07-96-d5-49,dataset_1mb.csv,stream,success,0,1055116,1.283492,1.655202,0.000000,0.000000,0.00,
2025-12-12T13:42:12.755594,system1,10-51-07-96-d5-49,dataset_1mb.csv,stream,success,0,1055116,1.205439,1.675054,0.000000,0.000000,0.00,
2025-12-12T13:42:12.755602,system1,10-51-07-96-d5-49,dataset_1mb.csv,stream,success,0,1055116,1.391474,1.766429,0.000000,0.000000,0.00,
2025-12-12T13:42:12.755611,system1,10-51-07-96-d5-49,dataset_1mb.csv,stream,success,0,1055116,1.399715,1.706185,0.000000,0.000000,0.00,
2025-12-12T13:42:12.755619,system1,10-51-07-96-d5-49,dataset_1mb.csv,stream,success,0,1055116,1.255983,1.796016,0.000000,0.000000,0.00,
2025-12-12T13:42:12.755628,system1,10-51-07-96-d5-49,dataset_1mb.csv,stream,success,0,1055116,1.213455,1.617036,0.000000,0.000000,0.00,
2025-12-12T13:42:12.755636,system1,10-51-07-96-d5-49,dataset_1mb.csv,stream,success,0,1055116,1.190867,1.641458,0.000000,0.000000,0.00,
2025-12-12T13:42:12.755645,system1,10-51-07-96-d5-49,dataset_1mb.csv,stream,success,0,1055116,1.403116,1.739381,0.000000,0.000000,0.00,
2025-12-12T13:42:12.755654,system1,10-51-07-96-d5-49,dataset_1mb.csv,stream,success,0,1055116,1.313226,1.730831,0.000000,0.000000,0.00,
2025-12-12T13:42:12.755662,system1,10-51-07-96-d5-49,dataset_1mb.csv,stream,success,0,1055116,1.222221,1.639834,0.000000,0.000000,0.00,
2025-12-12T13:42:12.755671,system1,10-51-07-96-d5-49,dataset_1mb.csv,stream,success,0,1055116,1.892031,3.146721,0.000000,0.000000,0.00,
2025-12-12T13:42:12.755680,system1,10-51-07-96-d5-49,dataset_1mb.csv,stream,success,0,1055116,1.861540,3.147018,0.000000,0.000000,0.00,
2025-12-12T13:42:12.755688,system1,10-51-07-96-d5-49,dataset_1mb.csv,stream,success,0,1055116,1.890380,3.255197,0.000000,0.000000,0.00,
2025-12-12T13:42:12.755696,system1,10-51-07-96-d5-49,dataset_1mb.csv,stream,success,0,1055116,2.058860,3.319699,0.000000,0.000000,0.00,
2025-12-12T13:42:12.755705,system1,10-51-07-96-d5-49,dataset_1mb.csv,stream,success,0,1055116,2.050370,3.327765,0.000000,0.000000,0.00,
2025-12-12T13:42:12.755713,system1,10-51-07-96-d5-49,dataset_1mb.csv,stream,success,0,1055116,2.924636,3.637305,0.000000,0.000000,0.00,
2025-12-12T13:42:12.755722,system1,10-51-07-96-d5-49,dataset_1mb.csv,stream,success,0,1055116,2.800637,3.672963,0.000000,0.000000,0.00,
2025-12-12T13:42:12.755730,system1,10-51-07-96-d5-49,dataset_1mb.csv,stream,success,0,1055116,2.876368,3.581294,0.000000,0.000000,0.00,
2025-12-12T13:42:12.755739,system1,10-51-07-96-d5-49,dataset_1mb.csv,stream,success,0,1055116,2.999653,3.707955,0.000000,0.000000,0.00,
2025-12-12T13:42:12.755747,system1,10-51-07-96-d5-49,dataset_1mb.csv,stream,success,0,1055116,2.853022,3.568282,0.000000,0.000000,0.00,
2025-12-12T13:42:12.755756,system1,10-51-07-96-d5-49,dataset_1mb.csv,stream,success,0,1055116,2.911126,3.629012,0.000000,0.000000,0.00,
2025-12-12T13:42:12.755765,system1,10-51-07-96-d5-49,dataset_1mb.csv,stream,success,0,1055116,2.973536,3.684965,0.000000,0.000000,0.00,
2025-12-12T13:42:12.755773,system1,10-51-07-96-d5-49,dataset_1mb.csv,stream,success,0,1055116,3.087039,3.732236,0.000000,0.000000,0.00,
2025-12-12T13:42:12.755782,system1,10-51-07-96-d5-49,dataset_1mb.csv,stream,success,0,1055116,2.977675,3.599562,0.000000,0.000000,0.00,
2025-12-12T13:42:12.755791,system1,10-51-07-96-d5-49,dataset_1mb.csv,stream,success,0,1055116,3.004780,3.628636,0.000000,0.000000,0.00,
2025-12-12T13:42:12.755799,system1,10-51-07-96-d5-49,dataset_1mb.csv,stream,success,0,1055116,3.127311,3.736479,0.000000,0.000000,0.00,
2025-12-12T13:42:12.755807,system1,10-51-07-96-d5-49,dataset_1mb.csv,stream,success,0,1055116,3.148311,3.764306,0.000000,0.000000,0.00,
2025-12-12T13:42:12.755816,system1,10-51-07-96-d5-49,dataset_1mb.csv,stream,success,0,1055116,3.059057,3.666944,0.000000,0.000000,0.00,
2025-12-12T13:42:12.755824,system1,10-51-07-96-d5-49,dataset_1mb.csv,stream,success,0,1055116,3.148769,3.747337,0.000000,0.000000,0.00,
2025-12-12T13:42:12.755832,system1,10-51-07-96-d5-49,dataset_1mb.csv,stream,success,0,1055116,3.124326,3.725189,0.000000,0.000000,0.00,
2025-12-12T13:42:12.755840,system1,10-51-07-96-d5-49,dataset_1mb.csv,stream,success,0,1055116,3.144018,3.799107,0.000000,0.000000,0.00,
2025-12-12T13:42:12.755848,system1,10-51-07-96-d5-49,dataset_1mb.csv,stream,success,0,1055116,3.084174,3.731726,0.000000,0.000000,0.00,
2025-12-12T13:42:12.755856,system1,10-51-07-96-d5-49,dataset_1mb.csv,stream,success,0,1055116,3.121071,3.786177,0.000000,0.000000,0.00,
2025-12-12T13:42:12.755863,system1,10-51-07-96-d5-49,dataset_1mb.csv,stream,success,0,1055116,3.180461,3.782300,0.000000,0.000000,0.00,
2025-12-12T13:42:12.755871,system1,10-51-07-96-d5-49,dataset_1mb.csv,stream,success,0,1055116,3.205209,3.810898,0.000000,0.000000,0.00,
2025-12-12T13:42:12.755879,system1,10-51-07-96-d5-49,dataset_1mb.csv,stream,success,0,1055116,3.143007,3.806772,0.000000,0.000000,0.00,
2025-12-12T13:42:12.755888,system1,10-51-07-96-d5-49,dataset_1mb.csv,stream,success,0,1055116,3.107407,3.767106,0.000000,0.000000,0.00,
2025-12-12T13:42:12.755896,system1,10-51-07-96-d5-49,dataset_1mb.csv,stream,success,0,1055116,3.141403,3.795349,0.000000,0.000000,0.00,
2025-12-12T13:42:12.755904,system1,10-51-07-96-d5-49,dataset_1mb.csv,stream,success,0,1055116,3.237594,3.807267,0.000000,0.000000,0.00,
2025-12-12T13:42:12.755911,system1,10-51-07-96-d5-49,dataset_1mb.csv,stream,success,0,1055116,3.162419,3.770834,0.000000,0.000000,0.00,
2025-12-12T13:42:12.755918,system1,10-51-07-96-d5-49,dataset_1mb.csv,stream,success,0,1055116,3.130687,3.667583,0.000000,0.000000,0.00,
2025-12-12T13:42:12.755926,system1,10-51-07-96-d5-49,dataset_1mb.csv,stream,success,0,1055116,3.179610,3.726150,0.000000,0.000000,0.00,
2025-12-12T13:42:12.755933,system1,10-51-07-96-d5-49,dataset_1mb.csv,stream,success,0,1055116,3.217366,3.764759,0.000000,0.000000,0.00,
2025-12-12T13:42:12.755960,system1,10-51-07-96-d5-49,dataset_1mb.csv,stream,success,0,1055116,3.205506,3.757818,0.000000,0.000000,0.00,
2025-12-12T13:42:12.755969,system1,10-51-07-96-d5-49,dataset_1mb.csv,stream,success,0,1055116,3.170969,3.779026,0.000000,0.000000,0.00,
2025-12-12T13:42:12.755977,system1,10-51-07-96-d5-49,dataset_1mb.csv,stream,success,0,1055116,3.265933,3.816219,0.000000,0.000000,0.00,
2025-12-12T13:42:12.755984,system1,10-51-07-96-d5-49,dataset_1mb.csv,stream,success,0,1055116,3.191152,3.749487,0.000000,0.000000,0.00,
2025-12-12T13:42:12.755990,system1,10-51-07-96-d5-49,dataset_1mb.csv,stream,success,0,1055116,3.238959,3.791165,0.000000,0.000000,0.00,
2025-12-12T13:42:12.755998,system1,10-51-07-96-d5-49,dataset_1mb.csv,stream,success,0,1055116,3.245165,3.796147,0.000000,0.000000,0.00,
2025-12-12T13:42:12.756006,system1,10-51-07-96-d5-49,dataset_1mb.csv,stream,success,0,1055116,3.247231,3.798282,0.000000,0.000000,0.00,
2025-12-12T13:42:12.756013,system1,10-51-07-96-d5-49,dataset_1mb.csv,stream,success,0,1055116,3.336045,3.815344,0.000000,0.000000,0.00,
2025-12-12T13:42:12.756021,system1,10-51-07-96-d5-49,dataset_1mb.csv,stream,success,0,1055116,3.316371,3.801688,0.000000,0.000000,0.00,
2025-12-12T13:42:12.756030,system1,10-51-07-96-d5-49,dataset_1mb.csv,stream,success,0,1055116,3.288728,3.764039,0.000000,0.000000,0.00,
2025-12-12T13:42:12.756039,system1,10-51-07-96-d5-49,dataset_1mb.csv,stream,success,0,1055116,3.519075,3.942831,0.000000,0.000000,0.00,
2025-12-12T13:42:12.756047,system1,10-51-07-96-d5-49,dataset_1mb.csv,stream,success,0,1055116,3.491959,3.987055,0.000000,0.000000,0.00,
2025-12-12T13:42:12.756055,system1,10-51-07-96-d5-49,dataset_1mb.csv,stream,success,0,1055116,3.301342,3.796668,0.000000,0.000000,0.00,
2025-12-12T13:42:12.756064,system1,10-51-07-96-d5-49,dataset_1mb.csv,stream,success,0,1055116,3.297463,3.793779,0.000000,0.000000,0.00,
2025-12-12T13:42:12.756071,system1,10-51-07-96-d5-49,dataset_1mb.csv,stream,success,0,1055116,3.397777,3.827815,0.000000,0.000000,0.00,
2025-12-12T13:42:12.756079,system1,10-51-07-96-d5-49,dataset_1mb.csv,stream,success,0,1055116,3.467343,3.846122,0.000000,0.000000,0.00,
2025-12-12T13:42:12.756086,system1,10-51-07-96-d5-49,dataset_1mb.csv,stream,success,0,1055116,3.482407,3.979685,0.000000,0.000000,0.00,
2025-12-12T13:42:12.756094,system1,10-51-07-96-d5-49,dataset_1mb.csv,stream,success,0,1055116,3.470774,3.849862,0.000000,0.000000,0.00,
2025-12-12T13:42:12.756102,system1,10-51-07-96-d5-49,dataset_1mb.csv,stream,success,0,1055116,3.529368,3.975321,0.000000,0.000000,0.00,
2025-12-12T13:42:12.756110,system1,10-51-07-96-d5-49,dataset_1mb.csv,stream,success,0,1055116,3.426780,3.808882,0.000000,0.000000,0.00,
2025-12-12T13:42:12.756118,system1,10-51-07-96-d5-49,dataset_1mb.csv,stream,success,0,1055116,3.727841,3.994446,0.000000,0.000000,0.00,
2025-12-12T13:42:12.756126,system1,10-51-07-96-d5-49,dataset_1mb.csv,stream,success,0,1055116,3.590829,3.856937,0.000000,0.000000,0.00,
2025-12-12T13:42:12.756134,system1,10-51-07-96-d5-49,dataset_1mb.csv,stream,success,0,1055116,3.622567,3.872551,0.000000,0.000000,0.00,
2025-12-12T13:42:12.756141,system1,10-51-07-96-d5-49,dataset_1mb.csv,stream,success,0,1055116,3.566604,3.835189,0.000000,0.000000,0.00,
2025-12-12T13:42:12.756148,system1,10-51-07-96-d5-49,dataset_1mb.csv,stream,success,0,1055116,3.586665,3.855469,0.000000,0.000000,0.00,
2025-12-12T13:42:12.756156,system1,10-51-07-96-d5-49,dataset_1mb.csv,stream,success,0,1055116,3.578499,3.848583,0.000000,0.000000,0.00,
2025-12-12T13:42:12.756164,system1,10-51-07-96-d5-49,dataset_1mb.csv,stream,success,0,1055116,3.732340,3.977170,0.000000,0.000000,0.00,
2025-12-12T13:42:12.756172,system1,10-51-07-96-d5-49,dataset_1mb.csv,stream,success,0,1055116,3.670293,3.903320,0.000000,0.000000,0.00,
2025-12-12T13:42:12.756179,system1,10-51-07-96-d5-49,dataset_1mb.csv,stream,success,0,1055116,3.676177,3.881619,0.000000,0.000000,0.00,
2025-12-12T13:42:12.756186,system1,10-51-07-96-d5-49,dataset_1mb.csv,stream,success,0,1055116,3.814144,4.002140,0.000000,0.000000,0.00,
2025-12-12T13:42:12.756195,system1,10-51-07-96-d5-49,dataset_1mb.csv,stream,success,0,1055116,3.685152,3.897499,0.000000,0.000000,0.00,
2025-12-12T13:42:12.756203,system1,10-51-07-96-d5-49,dataset_1mb.csv,stream,success,0,1055116,3.820971,4.021379,0.000000,0.000000,0.00,
2025-12-12T13:42:12.756210,system1,10-51-07-96-d5-49,dataset_1mb.csv,stream,success,0,1055116,3.824572,3.985640,0.000000,0.000000,0.00,
2025-12-12T13:42:12.756217,system1,10-51-07-96-d5-49,dataset_1mb.csv,stream,success,0,1055116,3.794920,3.999953,0.000000,0.000000,0.00,
2025-12-12T13:42:12.756224,system1,10-51-07-96-d5-49,dataset_1mb.csv,stream,success,0,1055116,3.734969,3.886667,0.000000,0.000000,0.00,
2025-12-12T13:42:12.756233,system1,10-51-07-96-d5-49,dataset_1mb.csv,stream,success,0,1055116,3.739563,3.878193,0.000000,0.000000,0.00,
2025-12-12T13:42:12.756241,system1,10-51-07-96-d5-49,dataset_1mb.csv,stream,success,0,1055116,3.729841,3.901829,0.000000,0.000000,0.00,
2025-12-12T13:42:12.756249,system1,10-51-07-96-d5-49,dataset_1mb.csv,stream,success,0,1055116,3.746442,3.917304,0.000000,0.000000,0.00,
2025-12-12T13:42:12.756257,system1,10-51-07-96-d5-49,dataset_1mb.csv,stream,success,0,1055116,3.789658,3.906708,0.000000,0.000000,0.00,
2025-12-12T13:42:12.756265,system1,10-51-07-96-d5-49,dataset_1mb.csv,stream,success,0,1055116,3.784871,3.905643,0.000000,0.000000,0.00,
2025-12-12T13:50:20.836407,system1,10-51-07-96-d5-49,dataset_1mb.csv,stream,success,0,1055116,0.726726,1.041269,0.000000,0.000000,0.00,
2025-12-12T13:50:20.837276,system1,10-51-07-96-d5-49,dataset_1mb.csv,stream,success,0,1055116,0.836294,1.488930,0.000000,0.000000,0.00,
2025-12-12T13:50:20.837292,system1,10-51-07-96-d5-49,dataset_1mb.csv,stream,success,0,1055116,0.955792,2.264197,0.000000,0.000000,0.00,
2025-12-12T13:50:20.837300,system1,10-51-07-96-d5-49,dataset_1mb.csv,stream,success,0,1055116,1.068875,2.259409,0.000000,0.000000,0.00,
2025-12-12T13:50:20.837307,system1,10-51-07-96-d5-49,dataset_1mb.csv,stream,success,0,1055116,0.906938,2.351737,0.000000,0.000000,0.00,
2025-12-12T13:50:20.837314,system1,10-51-07-96-d5-49,dataset_1mb.csv,stream,success,0,1055116,1.143786,2.417121,0.000000,0.000000,0.00,
2025-12-12T13:50:20.837321,system1,10-51-07-96-d5-49,dataset_1mb.csv,stream,success,0,1055116,1.018073,2.439067,0.000000,0.000000,0.00,
2025-12-12T13:50:20.837327,system1,10-51-07-96-d5-49,dataset_1mb.csv,stream,success,0,1055116,1.189644,2.553927,0.000000,0.000000,0.00,
2025-12-12T13:50:20.837334,system1,10-51-07-96-d5-49,dataset_1mb.csv,stream,success,0,1055116,1.451972,2.722475,0.000000,0.000000,0.00,
2025-12-12T13:50:20.837343,system1,10-51-07-96-d5-49,dataset_1mb.csv,stream,success,0,1055116,1.476458,3.207532,0.000000,0.000000,0.00,
2025-12-12T13:50:20.837350,system1,10-51-07-96-d5-49,dataset_1mb.csv,stream,success,0,1055116,2.275206,3.809130,0.000000,0.000000,0.00,
2025-12-12T13:50:20.837357,system1,10-51-07-96-d5-49,dataset_1mb.csv,stream,success,0,1055116,2.435172,4.405140,0.000000,0.000000,0.00,
2025-12-12T13:50:20.837363,system1,10-51-07-96-d5-49,dataset_1mb.csv,stream,success,0,1055116,2.401977,4.400612,0.000000,0.000000,0.00,
2025-12-12T13:50:20.837370,system1,10-51-07-96-d5-49,dataset_1mb.csv,stream,success,0,1055116,2.413646,4.411179,0.000000,0.000000,0.00,
2025-12-12T13:50:20.837376,system1,10-51-07-96-d5-49,dataset_1mb.csv,stream,success,0,1055116,2.413180,4.416679,0.000000,0.000000,0.00,
2025-12-12T13:50:20.837383,system1,10-51-07-96-d5-49,dataset_1mb.csv,stream,success,0,1055116,2.298195,4.297774,0.000000,0.000000,0.00,
2025-12-12T13:50:20.837389,system1,10-51-07-96-d5-49,dataset_1mb.csv,stream,success,0,1055116,2.416666,4.402392,0.000000,0.000000,0.00,
2025-12-12T13:50:20.837396,system1,10-51-07-96-d5-49,dataset_1mb.csv,stream,success,0,1055116,2.539061,4.422433,0.000000,0.000000,0.00,
2025-12-12T13:50:20.837402,system1,10-51-07-96-d5-49,dataset_1mb.csv,stream,success,0,1055116,2.849849,4.427126,0.000000,0.000000,0.00,
2025-12-12T13:50:20.837408,system1,10-51-07-96-d5-49,dataset_1mb.csv,stream,success,0,1055116,2.923515,4.387416,0.000000,0.000000,0.00,
2025-12-12T13:50:20.837415,system1,10-51-07-96-d5-49,dataset_1mb.csv,stream,success,0,1055116,2.706916,4.351102,0.000000,0.000000,0.00,
2025-12-12T13:50:20.837421,system1,10-51-07-96-d5-49,dataset_1mb.csv,stream,success,0,1055116,2.980495,4.610812,0.000000,0.000000,0.00,
2025-12-12T13:50:20.837429,system1,10-51-07-96-d5-49,dataset_1mb.csv,stream,success,0,1055116,2.922656,4.591967,0.000000,0.000000,0.00,
2025-12-12T13:50:20.837436,system1,10-51-07-96-d5-49,dataset_1mb.csv,stream,success,0,1055116,2.974051,4.763109,0.000000,0.000000,0.00,
2025-12-12T13:50:20.837442,system1,10-51-07-96-d5-49,dataset_1mb.csv,stream,success,0,1055116,2.898941,4.685864,0.000000,0.000000,0.00,
2025-12-12T13:50:20.837449,system1,10-51-07-96-d5-49,dataset_1mb.csv,stream,success,0,1055116,3.191244,5.273779,0.000000,0.000000,0.00,
2025-12-12T13:50:20.837456,system1,10-51-07-96-d5-49,dataset_1mb.csv,stream,success,0,1048577,3.513732,5.492280,0.000000,0.000000,0.00,
2025-12-12T13:50:20.837462,system1,10-51-07-96-d5-49,dataset_1mb.csv,stream,success,0,1048577,3.554503,5.483002,0.000000,0.000000,0.00,
2025-12-12T13:50:20.837468,system1,10-51-07-96-d5-49,dataset_1mb.csv,stream,success,0,1048577,3.395217,5.437158,0.000000,0.000000,0.00,
2025-12-12T13:50:20.837474,system1,10-51-07-96-d5-49,dataset_1mb.csv,stream,success,0,1048577,3.532312,5.624297,0.000000,0.000000,0.00,
2025-12-12T13:50:20.837481,system1,10-51-07-96-d5-49,dataset_1mb.csv,stream,success,0,1048577,3.510301,5.720504,0.000000,0.000000,0.00,
2025-12-12T13:50:20.837487,system1,10-51-07-96-d5-49,dataset_1mb.csv,stream,success,0,1055116,3.508458,5.784415,0.000000,0.000000,0.00,
2025-12-12T13:50:20.837493,system1,10-51-07-96-d5-49,dataset_1mb.csv,stream,success,0,1055116,3.458189,5.744502,0.000000,0.000000,0.00,
2025-12-12T13:50:20.837500,system1,10-51-07-96-d5-49,dataset_1mb.csv,stream,success,0,1048577,3.516672,5.761071,0.000000,0.000000,0.00,
2025-12-12T13:50:20.837506,system1,10-51-07-96-d5-49,dataset_1mb.csv,stream,success,0,1048577,3.865516,5.675485,0.000000,0.000000,0.00,
2025-12-12T13:50:20.837513,system1,10-51-07-96-d5-49,dataset_1mb.csv,stream,success,0,1048577,3.887516,6.489754,0.000000,0.000000,0.00,
2025-12-12T13:50:20.837519,system1,10-51-07-96-d5-49,dataset_1mb.csv,stream,success,0,1048577,3.792998,6.718268,0.000000,0.000000,0.00,
2025-12-12T13:50:20.837525,system1,10-51-07-96-d5-49,dataset_1mb.csv,stream,success,0,1048577,3.855047,6.604184,0.000000,0.000000,0.00,
2025-12-12T13:50:20.837531,system1,10-51-07-96-d5-49,dataset_1mb.csv,stream,success,0,1048577,3.994891,6.798037,0.000000,0.000000,0.00,
2025-12-12T13:50:20.837537,system1,10-51-07-96-d5-49,dataset_1mb.csv,stream,success,0,1048577,3.975987,6.803678,0.000000,0.000000,0.00,
2025-12-12T13:50:20.837543,system1,10-51-07-96-d5-49,dataset_1mb.csv,stream,success,0,1048577,3.930113,6.744600,0.000000,0.000000,0.00,
2025-12-12T13:50:20.837550,system1,10-51-07-96-d5-49,dataset_1mb.csv,stream,success,0,1048577,3.938648,6.803672,0.000000,0.000000,0.00,
2025-12-12T13:50:20.837556,system1,10-51-07-96-d5-49,dataset_1mb.csv,stream,success,0,1048577,3.831325,6.658562,0.000000,0.000000,0.00,
2025-12-12T13:50:20.837563,system1,10-51-07-96-d5-49,dataset_1mb.csv,stream,success,0,1048577,4.015429,6.827167,0.000000,0.000000,0.00,
2025-12-12T13:50:20.837569,system1,10-51-07-96-d5-49,dataset_1mb.csv,stream,success,0,1048577,3.872979,6.721074,0.000000,0.000000,0.00,
2025-12-12T13:50:20.837575,system1,10-51-07-96-d5-49,dataset_1mb.csv,stream,success,0,1048577,4.002503,6.862938,0.000000,0.000000,0.00,
2025-12-12T13:50:20.837581,system1,10-51-07-96-d5-49,dataset_1mb.csv,stream,success,0,1048577,3.978156,6.861531,0.000000,0.000000,0.00,
2025-12-12T13:50:20.837588,system1,10-51-07-96-d5-49,dataset_1mb.csv,stream,success,0,1048577,3.963686,6.848543,0.000000,0.000000,0.00,
2025-12-12T13:50:20.837594,system1,10-51-07-96-d5-49,dataset_1mb.csv,stream,success,0,1048577,3.979238,6.860021,0.000000,0.000000,0.00,
2025-12-12T13:50:20.837600,system1,10-51-07-96-d5-49,dataset_1mb.csv,stream,success,0,1048577,4.087075,6.799102,0.000000,0.000000,0.00,
2025-12-12T13:50:20.837606,system1,10-51-07-96-d5-49,dataset_1mb.csv,stream,success,0,1055116,4.413028,6.888555,0.000000,0.000000,0.00,
2025-12-12T13:50:20.837612,system1,10-51-07-96-d5-49,dataset_1mb.csv,stream,success,0,1048577,4.135143,6.760563,0.000000,0.000000,0.00,
2025-12-12T13:50:20.837619,system1,10-51-07-96-d5-49,dataset_1mb.csv,stream,success,0,1048577,4.273092,6.906545,0.000000,0.000000,0.00,
2025-12-12T13:50:20.837625,system1,10-51-07-96-d5-49,dataset_1mb.csv,stream,success,0,1048577,4.138925,6.807220,0.000000,0.000000,0.00,
2025-12-12T13:50:20.837632,system1,10-51-07-96-d5-49,dataset_1mb.csv,stream,success,0,1048577,4.387779,6.946251,0.000000,0.000000,0.00,
2025-12-12T13:50:20.837638,system1,10-51-07-96-d5-49,dataset_1mb.csv,stream,success,0,1055116,4.320524,6.794991,0.000000,0.000000,0.00,
2025-12-12T13:50:20.837644,system1,10-51-07-96-d5-49,dataset_1mb.csv,stream,success,0,1048577,4.275101,6.815364,0.000000,0.000000,0.00,
2025-12-12T13:50:20.837650,system1,10-51-07-96-d5-49,dataset_1mb.csv,stream,success,0,1048577,4.418721,6.823171,0.000000,0.000000,0.00,
2025-12-12T13:50:20.837656,system1,10-51-07-96-d5-49,dataset_1mb.csv,stream,success,0,1055116,4.548811,6.991194,0.000000,0.000000,0.00,
2025-12-12T13:50:20.837662,system1,10-51-07-96-d5-49,dataset_1mb.csv,stream,success,0,1048577,4.374694,6.855788,0.000000,0.000000,0.00,
2025-12-12T13:50:20.837922,system1,10-51-07-96-d5-49,dataset_1mb.csv,stream,success,0,1048577,4.506477,6.868921,0.000000,0.000000,0.00,
2025-12-12T13:50:20.837941,system1,10-51-07-96-d5-49,dataset_1mb.csv,stream,success,0,1055116,4.495921,6.850326,0.000000,0.000000,0.00,
2025-12-12T13:50:20.837949,system1,10-51-07-96-d5-49,dataset_1mb.csv,stream,success,0,1048577,4.557299,7.027907,0.000000,0.000000,0.00,
2025-12-12T13:50:20.837956,system1,10-51-07-96-d5-49,dataset_1mb.csv,stream,success,0,1055116,4.738923,7.031963,0.000000,0.000000,0.00,
2025-12-12T13:50:20.837963,system1,10-51-07-96-d5-49,dataset_1mb.csv,stream,success,0,1055116,5.029744,7.027001,0.000000,0.000000,0.00,
2025-12-12T13:50:20.837969,system1,10-51-07-96-d5-49,dataset_1mb.csv,stream,success,0,1055116,5.017620,7.044954,0.000000,0.000000,0.00,
2025-12-12T13:50:20.837975,system1,10-51-07-96-d5-49,dataset_1mb.csv,stream,success,0,1055116,4.884872,6.901291,0.000000,0.000000,0.00,
2025-12-12T13:50:20.837982,system1,10-51-07-96-d5-49,dataset_1mb.csv,stream,success,0,1055116,5.156593,7.063835,0.000000,0.000000,0.00,
2025-12-12T13:50:20.837988,system1,10-51-07-96-d5-49,dataset_1mb.csv,stream,success,0,1055116,4.969479,6.877964,0.000000,0.000000,0.00,
2025-12-12T13:50:20.837995,system1,10-51-07-96-d5-49,dataset_1mb.csv,stream,success,0,0,0.000000,60.137535,0.000000,0.000000,0.00,
2025-12-12T13:50:20.838002,system1,10-51-07-96-d5-49,dataset_1mb.csv,stream,success,0,0,0.000000,60.313666,0.000000,0.000000,0.00,
2025-12-12T13:50:20.838008,system1,10-51-07-96-d5-49,dataset_1mb.csv,stream,success,0,0,0.000000,60.123969,0.000000,0.000000,0.00,
2025-12-12T13:50:20.838014,system1,10-51-07-96-d5-49,dataset_1mb.csv,stream,success,0,0,0.000000,60.102926,0.000000,0.000000,0.00,
2025-12-12T13:50:20.838021,system1,10-51-07-96-d5-49,dataset_1mb.csv,stream,success,0,0,0.000000,60.118090,0.000000,0.000000,0.00,
2025-12-12T13:50:20.838027,system1,10-51-07-96-d5-49,dataset_1mb.csv,stream,success,0,0,0.000000,60.102432,0.000000,0.000000,0.00,
2025-12-12T13:50:20.838033,system1,10-51-07-96-d5-49,dataset_1mb.csv,stream,success,0,0,0.000000,60.325676,0.000000,0.000000,0.00,
2025-12-12T13:50:20.838039,system1,10-51-07-96-d5-49,dataset_1mb.csv,stream,success,0,0,0.000000,60.113200,0.000000,0.000000,0.00,
2025-12-12T13:50:20.838046,system1,10-51-07-96-d5-49,dataset_1mb.csv,stream,success,0,0,0.000000,60.333456,0.000000,0.000000,0.00,
2025-12-12T13:50:20.838052,system1,10-51-07-96-d5-49,dataset_1mb.csv,stream,success,0,0,0.000000,60.322153,0.000000,0.000000,0.00,
2025-12-12T13:50:20.838058,system1,10-51-07-96-d5-49,dataset_1mb.csv,stream,success,0,0,0.000000,60.339022,0.000000,0.000000,0.00,
2025-12-12T13:50:20.838065,system1,10-51-07-96-d5-49,dataset_1mb.csv,stream,success,0,0,0.000000,60.356020,0.000000,0.000000,0.00,
2025-12-12T13:50:20.838071,system1,10-51-07-96-d5-49,dataset_1mb.csv,stream,success,0,0,0.000000,60.352778,0.000000,0.000000,0.00,
2025-12-12T13:50:20.838077,system1,10-51-07-96-d5-49,dataset_1mb.csv,stream,success,0,0,0.000000,60.348626,0.000000,0.000000,0.00,
2025-12-12T13:50:20.838083,system1,10-51-07-96-d5-49,dataset_1mb.csv,stream,success,0,0,0.000000,60.346539,0.000000,0.000000,0.00,
2025-12-12T13:50:20.838089,system1,10-51-07-96-d5-49,dataset_1mb.csv,stream,success,0,0,0.000000,60.350166,0.000000,0.000000,0.00,
2025-12-12T13:50:20.838096,system1,10-51-07-96-d5-49,dataset_1mb.csv,stream,success,0,0,0.000000,60.392271,0.000000,0.000000,0.00,
2025-12-12T13:50:20.838102,system1,10-51-07-96-d5-49,dataset_1mb.csv,stream,success,0,0,0.000000,60.377706,0.000000,0.000000,0.00,
2025-12-12T13:50:20.838108,system1,10-51-07-96-d5-49,dataset_1mb.csv,stream,success,0,0,0.000000,60.400981,0.000000,0.000000,0.00,
2025-12-12T13:50:20.838114,system1,10-51-07-96-d5-49,dataset_1mb.csv,stream,success,0,0,0.000000,60.370072,0.000000,0.000000,0.00,
2025-12-12T13:50:20.838120,system1,10-51-07-96-d5-49,dataset_1mb.csv,stream,success,0,0,0.000000,60.402177,0.000000,0.000000,0.00,
2025-12-12T13:50:20.838126,system1,10-51-07-96-d5-49,dataset_1mb.csv,stream,success,0,0,0.000000,60.401492,0.000000,0.000000,0.00,
2025-12-12T13:50:20.838132,system1,10-51-07-96-d5-49,dataset_1mb.csv,stream,success,0,0,0.000000,60.429352,0.000000,0.000000,0.00,
2025-12-12T13:50:20.838138,system1,10-51-07-96-d5-49,dataset_1mb.csv,stream,success,0,0,0.000000,60.439054,0.000000,0.000000,0.00,
2025-12-12T13:50:20.838145,system1,10-51-07-96-d5-49,dataset_1mb.csv,stream,success,0,0,0.000000,60.445972,0.000000,0.000000,0.00,
2025-12-12T13:50:20.838151,system1,10-51-07-96-d5-49,dataset_1mb.csv,stream,success,0,0,0.000000,60.466778,0.000000,0.000000,0.00,
2025-12-12T13:50:20.838157,system1,10-51-07-96-d5-49,dataset_1mb.csv,stream,success,0,0,0.000000,60.468276,0.000000,0.000000,0.00,
2025-12-12T13:50:20.838163,system1,10-51-07-96-d5-49,dataset_1mb.csv,stream,success,0,0,0.000000,60.459383,0.000000,0.000000,0.00,
2025-12-12T13:50:20.838169,system1,10-51-07-96-d5-49,dataset_1mb.csv,stream,success,0,0,0.000000,60.487511,0.000000,0.000000,0.00,
2025-12-12T13:50:20.838175,system1,10-51-07-96-d5-49,dataset_1mb.csv,stream,success,0,0,0.000000,60.480716,0.000000,0.000000,0.00,
2025-12-12T13:50:20.838181,system1,10-51-07-96-d5-49,dataset_1mb.csv,stream,success,0,0,0.000000,60.475377,0.000000,0.000000,0.00,
2025-12-12T13:55:13.009590,system1,10-51-07-96-d5-49,dataset_1mb.csv,stream,success,0,1055116,0.599803,0.752454,0.000000,0.000000,0.00,
2025-12-12T13:55:13.009666,system1,10-51-07-96-d5-49,dataset_1mb.csv,stream,success,0,1055116,0.623432,0.807268,0.000000,0.000000,0.00,
2025-12-12T13:55:13.009690,system1,10-51-07-96-d5-49,dataset_1mb.csv,stream,success,0,1055116,0.700810,0.981971,0.000000,0.000000,0.00,
2025-12-12T13:55:13.009704,system1,10-51-07-96-d5-49,dataset_1mb.csv,stream,success,0,1055116,0.695244,0.987710,0.000000,0.000000,0.00,
2025-12-12T13:55:13.009717,system1,10-51-07-96-d5-49,dataset_1mb.csv,stream,success,0,1055116,0.893266,1.002597,0.000000,0.000000,0.00,
2025-12-12T13:55:13.009731,system1,10-51-07-96-d5-49,dataset_1mb.csv,stream,success,0,1055116,0.782377,0.995946,0.000000,0.000000,0.00,
2025-12-12T13:55:13.009746,system1,10-51-07-96-d5-49,dataset_1mb.csv,stream,success,0,1055116,0.805018,1.007950,0.000000,0.000000,0.00,
2025-12-12T13:55:13.009760,system1,10-51-07-96-d5-49,dataset_1mb.csv,stream,success,0,1055116,0.815894,1.008526,0.000000,0.000000,0.00,
2025-12-12T13:55:13.009774,system1,10-51-07-96-d5-49,dataset_1mb.csv,stream,success,0,1055116,0.851825,1.010404,0.000000,0.000000,0.00,
2025-12-12T13:55:13.009789,system1,10-51-07-96-d5-49,dataset_1mb.csv,stream,success,0,1055116,0.936310,1.008255,0.000000,0.000000,0.00,
2025-12-12T13:58:12.182293,system1,10-51-07-96-d5-49,dataset_1mb.csv,stream,success,0,1055116,1.005204,2.343237,0.000000,0.000000,0.00,
2025-12-12T13:58:12.182800,system1,10-51-07-96-d5-49,dataset_1mb.csv,stream,success,0,1055116,1.018326,2.340654,0.000000,0.000000,0.00,
2025-12-12T13:58:12.182823,system1,10-51-07-96-d5-49,dataset_1mb.csv,stream,success,0,1055116,1.036129,2.362673,0.000000,0.000000,0.00,
2025-12-12T13:58:12.182832,system1,10-51-07-96-d5-49,dataset_1mb.csv,stream,success,0,1055116,1.097246,2.447936,0.000000,0.000000,0.00,
2025-12-12T13:58:12.182840,system1,10-51-07-96-d5-49,dataset_1mb.csv,stream,success,0,1055116,1.217157,2.560116,0.000000,0.000000,0.00,
2025-12-12T13:58:12.182848,system1,10-51-07-96-d5-49,dataset_1mb.csv,stream,success,0,1055116,1.168562,2.529567,0.000000,0.000000,0.00,
2025-12-12T13:58:12.182856,system1,10-51-07-96-d5-49,dataset_1mb.csv,stream,success,0,1055116,2.019643,2.556337,0.000000,0.000000,0.00,
2025-12-12T13:58:12.182863,system1,10-51-07-96-d5-49,dataset_1mb.csv,stream,success,0,1055116,1.175284,2.527239,0.000000,0.000000,0.00,
2025-12-12T13:58:12.182870,system1,10-51-07-96-d5-49,dataset_1mb.csv,stream,success,0,1048577,2.564021,2.717199,0.000000,0.000000,0.00,
2025-12-12T13:58:12.182878,system1,10-51-07-96-d5-49,dataset_1mb.csv,stream,success,0,1055116,2.362146,2.725837,0.000000,0.000000,0.00,
2025-12-12T13:58:12.182886,system1,10-51-07-96-d5-49,dataset_1mb.csv,stream,success,0,1055116,2.352519,2.723982,0.000000,0.000000,0.00,
2025-12-12T13:58:12.182894,system1,10-51-07-96-d5-49,dataset_1mb.csv,stream,success,0,1055116,2.172094,2.560248,0.000000,0.000000,0.00,
2025-12-12T13:58:12.182901,system1,10-51-07-96-d5-49,dataset_1mb.csv,stream,success,0,1055116,2.332422,2.735924,0.000000,0.000000,0.00,
2025-12-12T13:58:12.182909,system1,10-51-07-96-d5-49,dataset_1mb.csv,stream,success,0,1055116,2.369839,2.757385,0.000000,0.000000,0.00,
2025-12-12T13:58:12.182917,system1,10-51-07-96-d5-49,dataset_1mb.csv,stream,success,0,1055116,0.816689,2.777415,0.000000,0.000000,0.00,
2025-12-12T13:58:12.182925,system1,10-51-07-96-d5-49,dataset_1mb.csv,stream,success,0,1055116,2.207857,2.589159,0.000000,0.000000,0.00,
2025-12-12T13:58:12.182932,system1,10-51-07-96-d5-49,dataset_1mb.csv,stream,success,0,1055116,2.409663,2.794422,0.000000,0.000000,0.00,
2025-12-12T13:58:12.182940,system1,10-51-07-96-d5-49,dataset_1mb.csv,stream,success,0,1055116,1.005377,2.838891,0.000000,0.000000,0.00,
2025-12-12T13:58:12.182947,system1,10-51-07-96-d5-49,dataset_1mb.csv,stream,success,0,1048577,2.679294,2.912282,0.000000,0.000000,0.00,
2025-12-12T13:58:12.182954,system1,10-51-07-96-d5-49,dataset_1mb.csv,stream,success,0,1055116,2.429269,2.863079,0.000000,0.000000,0.00,
2025-12-12T13:58:12.182962,system1,10-51-07-96-d5-49,dataset_1mb.csv,stream,success,0,1055116,2.492331,2.910734,0.000000,0.000000,0.00,
2025-12-12T13:58:12.182969,system1,10-51-07-96-d5-49,dataset_1mb.csv,stream,success,0,1055116,2.494473,2.888958,0.000000,0.000000,0.00,
2025-12-12T13:58:12.182976,system1,10-51-07-96-d5-49,dataset_1mb.csv,stream,success,0,1055116,2.579428,2.964032,0.000000,0.000000,0.00,
2025-12-12T13:58:12.182983,system1,10-51-07-96-d5-49,dataset_1mb.csv,stream,success,0,1055116,2.529640,2.913084,0.000000,0.000000,0.00,
2025-12-12T13:58:12.182991,system1,10-51-07-96-d5-49,dataset_1mb.csv,stream,success,0,1055116,2.550571,2.934542,0.000000,0.000000,0.00,
2025-12-12T13:58:12.182999,system1,10-51-07-96-d5-49,dataset_1mb.csv,stream,success,0,1055116,2.580627,2.967126,0.000000,0.000000,0.00,
2025-12-12T13:58:12.183006,system1,10-51-07-96-d5-49,dataset_1mb.csv,stream,success,0,1055116,2.544229,2.920106,0.000000,0.000000,0.00,
2025-12-12T13:58:12.183013,system1,10-51-07-96-d5-49,dataset_1mb.csv,stream,success,0,1055116,2.552249,2.905590,0.000000,0.000000,0.00,
2025-12-12T13:58:12.183021,system1,10-51-07-96-d5-49,dataset_1mb.csv,stream,success,0,1055116,2.698763,3.059677,0.000000,0.000000,0.00,
2025-12-12T13:58:12.183028,system1,10-51-07-96-d5-49,dataset_1mb.csv,stream,success,0,1055116,2.590095,2.970522,0.000000,0.000000,0.00,
2025-12-12T13:58:12.183035,system1,10-51-07-96-d5-49,dataset_1mb.csv,stream,success,0,1055116,2.696760,3.058549,0.000000,0.000000,0.00,
2025-12-12T13:58:12.183042,system1,10-51-07-96-d5-49,dataset_1mb.csv,stream,success,0,1048577,2.868014,3.101924,0.000000,0.000000,0.00,
2025-12-12T13:58:12.183049,system1,10-51-07-96-d5-49,dataset_1mb.csv,stream,success,0,1055116,2.623122,3.008458,0.000000,0.000000,0.00,
2025-12-12T13:58:12.183057,system1,10-51-07-96-d5-49,dataset_1mb.csv,stream,success,0,1055116,2.617355,3.003498,0.000000,0.000000,0.00,
2025-12-12T13:58:12.183064,system1,10-51-07-96-d5-49,dataset_1mb.csv,stream,success,0,1055116,2.785533,3.136501,0.000000,0.000000,0.00,
2025-12-12T13:58:12.183073,system1,10-51-07-96-d5-49,dataset_1mb.csv,stream,success,0,1055116,2.752010,3.063217,0.000000,0.000000,0.00,
2025-12-12T13:58:12.183080,system1,10-51-07-96-d5-49,dataset_1mb.csv,stream,success,0,1055116,2.759247,3.051434,0.000000,0.000000,0.00,
2025-12-12T13:58:12.183088,system1,10-51-07-96-d5-49,dataset_1mb.csv,stream,success,0,1055116,2.848769,3.168194,0.000000,0.000000,0.00,
2025-12-12T13:58:12.183095,system1,10-51-07-96-d5-49,dataset_1mb.csv,stream,success,0,1055116,2.866771,3.163586,0.000000,0.000000,0.00,
2025-12-12T13:58:12.183102,system1,10-51-07-96-d5-49,dataset_1mb.csv,stream,success,0,1055116,2.896493,3.219432,0.000000,0.000000,0.00,
2025-12-12T13:58:12.183110,system1,10-51-07-96-d5-49,dataset_1mb.csv,stream,success,0,1055116,2.837341,3.152549,0.000000,0.000000,0.00,
2025-12-12T13:58:12.183117,system1,10-51-07-96-d5-49,dataset_1mb.csv,stream,success,0,1055116,2.883464,3.161019,0.000000,0.000000,0.00,
2025-12-12T13:58:12.183125,system1,10-51-07-96-d5-49,dataset_1mb.csv,stream,success,0,1055116,2.969604,3.288972,0.000000,0.000000,0.00,
2025-12-12T13:58:12.183132,system1,10-51-07-96-d5-49,dataset_1mb.csv,stream,success,0,1055116,2.772344,3.064999,0.000000,0.000000,0.00,
2025-12-12T13:58:12.183139,system1,10-51-07-96-d5-49,dataset_1mb.csv,stream,success,0,1055116,2.849978,3.172545,0.000000,0.000000,0.00,
2025-12-12T13:58:12.183147,system1,10-51-07-96-d5-49,dataset_1mb.csv,stream,success,0,1055116,3.031646,3.293232,0.000000,0.000000,0.00,
2025-12-12T13:58:12.183154,system1,10-51-07-96-d5-49,dataset_1mb.csv,stream,success,0,1055116,2.970349,3.214476,0.000000,0.000000,0.00,
2025-12-12T13:58:12.183161,system1,10-51-07-96-d5-49,dataset_1mb.csv,stream,success,0,1055116,2.922754,3.190992,0.000000,0.000000,0.00,
2025-12-12T13:58:12.183168,system1,10-51-07-96-d5-49,dataset_1mb.csv,stream,success,0,1055116,3.128929,3.413689,0.000000,0.000000,0.00,
2025-12-12T13:58:12.183176,system1,10-51-07-96-d5-49,dataset_1mb.csv,stream,success,0,1055116,3.019351,3.255409,0.000000,0.000000,0.00,
2025-12-12T13:58:12.183183,system1,10-51-07-96-d5-49,dataset_1mb.csv,stream,success,0,1055116,3.044210,3.338290,0.000000,0.000000,0.00,
2025-12-12T13:58:12.183190,system1,10-51-07-96-d5-49,dataset_1mb.csv,stream,success,0,1055116,3.246272,3.481966,0.000000,0.000000,0.00,
2025-12-12T13:58:12.183198,system1,10-51-07-96-d5-49,dataset_1mb.csv,stream,success,0,1055116,3.150731,3.417935,0.000000,0.000000,0.00,
2025-12-12T13:58:12.183205,system1,10-51-07-96-d5-49,dataset_1mb.csv,stream,success,0,1055116,3.291341,3.571856,0.000000,0.000000,0.00,
2025-12-12T13:58:12.183212,system1,10-51-07-96-d5-49,dataset_1mb.csv,stream,success,0,1055116,3.286089,3.547382,0.000000,0.000000,0.00,
2025-12-12T13:58:12.183220,system1,10-51-07-96-d5-49,dataset_1mb.csv,stream,success,0,1055116,3.178037,3.426678,0.000000,0.000000,0.00,
2025-12-12T13:58:12.183227,system1,10-51-07-96-d5-49,dataset_1mb.csv,stream,success,0,1055116,3.356308,3.677155,0.000000,0.000000,0.00,
2025-12-12T13:58:12.183234,system1,10-51-07-96-d5-49,dataset_1mb.csv,stream,success,0,1055116,3.435237,3.718346,0.000000,0.000000,0.00,
2025-12-12T13:58:12.183241,system1,10-51-07-96-d5-49,dataset_1mb.csv,stream,success,0,1055116,3.263618,3.550597,0.000000,0.000000,0.00,
2025-12-12T13:58:12.183248,system1,10-51-07-96-d5-49,dataset_1mb.csv,stream,success,0,1055116,3.446645,3.727104,0.000000,0.000000,0.00,
2025-12-12T13:58:12.183279,system1,10-51-07-96-d5-49,dataset_1mb.csv,stream,success,0,1055116,3.448314,3.727896,0.000000,0.000000,0.00,
2025-12-12T13:58:12.183287,system1,10-51-07-96-d5-49,dataset_1mb.csv,stream,success,0,1055116,3.320586,3.594152,0.000000,0.000000,0.00,
2025-12-12T13:58:12.183294,system1,10-51-07-96-d5-49,dataset_1mb.csv,stream,success,0,1055116,3.479175,3.774571,0.000000,0.000000,0.00,
2025-12-12T13:58:12.183301,system1,10-51-07-96-d5-49,dataset_1mb.csv,stream,success,0,1055116,3.488371,3.772989,0.000000,0.000000,0.00,
2025-12-12T13:58:12.183309,system1,10-51-07-96-d5-49,dataset_1mb.csv,stream,success,0,1055116,3.296671,3.576208,0.000000,0.000000,0.00,
2025-12-12T13:58:12.183316,system1,10-51-07-96-d5-49,dataset_1mb.csv,stream,success,0,1055116,3.518973,3.773726,0.000000,0.000000,0.00,
2025-12-12T13:58:12.183323,system1,10-51-07-96-d5-49,dataset_1mb.csv,stream,success,0,1055116,3.454826,3.739368,0.000000,0.000000,0.00,
2025-12-12T13:58:12.183330,system1,10-51-07-96-d5-49,dataset_1mb.csv,stream,success,0,1055116,3.501474,3.809907,0.000000,0.000000,0.00,
2025-12-12T13:58:12.183338,system1,10-51-07-96-d5-49,dataset_1mb.csv,stream,success,0,1055116,3.363100,3.677295,0.000000,0.000000,0.00,
2025-12-12T13:58:12.183345,system1,10-51-07-96-d5-49,dataset_1mb.csv,stream,success,0,1055116,3.527307,3.811832,0.000000,0.000000,0.00,
2025-12-12T13:58:12.183352,system1,10-51-07-96-d5-49,dataset_1mb.csv,stream,success,0,1055116,3.572430,3.871205,0.000000,0.000000,0.00,
2025-12-12T13:58:12.183359,system1,10-51-07-96-d5-49,dataset_1mb.csv,stream,success,0,1055116,3.534210,3.819910,0.000000,0.000000,0.00,
2025-12-12T13:58:12.183367,system1,10-51-07-96-d5-49,dataset_1mb.csv,stream,success,0,1055116,3.548471,3.838560,0.000000,0.000000,0.00,
2025-12-12T13:58:12.183374,system1,10-51-07-96-d5-49,dataset_1mb.csv,stream,success,0,1055116,3.569687,3.850086,0.000000,0.000000,0.00,
2025-12-12T13:58:12.183381,system1,10-51-07-96-d5-49,dataset_1mb.csv,stream,success,0,1055116,3.607395,3.901346,0.000000,0.000000,0.00,
2025-12-12T13:58:12.183388,system1,10-51-07-96-d5-49,dataset_1mb.csv,stream,success,0,1055116,3.562328,3.912529,0.000000,0.000000,0.00,
2025-12-12T13:58:12.183395,system1,10-51-07-96-d5-49,dataset_1mb.csv,stream,success,0,1055116,3.629444,3.938959,0.000000,0.000000,0.00,
2025-12-12T13:58:12.183403,system1,10-51-07-96-d5-49,dataset_1mb.csv,stream,success,0,1055116,3.619702,3.928884,0.000000,0.000000,0.00,
2025-12-12T13:58:12.183410,system1,10-51-07-96-d5-49,dataset_1mb.csv,stream,success,0,1055116,3.674584,3.949065,0.000000,0.000000,0.00,
2025-12-12T13:58:12.183417,system1,10-51-07-96-d5-49,dataset_1mb.csv,stream,success,0,1055116,3.654993,3.900607,0.000000,0.000000,0.00,
2025-12-12T13:58:12.183424,system1,10-51-07-96-d5-49,dataset_1mb.csv,stream,success,0,1055116,3.667399,3.944895,0.000000,0.000000,0.00,
2025-12-12T13:58:12.183432,system1,10-51-07-96-d5-49,dataset_1mb.csv,stream,success,0,1055116,3.682376,3.926638,0.000000,0.000000,0.00,
2025-12-12T13:58:12.183439,system1,10-51-07-96-d5-49,dataset_1mb.csv,stream,success,0,1055116,3.664963,3.911526,0.000000,0.000000,0.00,
2025-12-12T13:58:12.183446,system1,10-51-07-96-d5-49,dataset_1mb.csv,stream,success,0,1055116,3.688792,3.944923,0.000000,0.000000,0.00,
2025-12-12T13:58:12.183453,system1,10-51-07-96-d5-49,dataset_1mb.csv,stream,success,0,1055116,3.671352,3.910604,0.000000,0.000000,0.00,
2025-12-12T13:58:12.183460,system1,10-51-07-96-d5-49,dataset_1mb.csv,stream,success,0,1055116,3.677829,3.930469,0.000000,0.000000,0.00,
2025-12-12T13:58:12.183467,system1,10-51-07-96-d5-49,dataset_1mb.csv,stream,success,0,1055116,3.707969,3.970180,0.000000,0.000000,0.00,
2025-12-12T13:58:12.183474,system1,10-51-07-96-d5-49,dataset_1mb.csv,stream,success,0,1055116,3.721304,4.006735,0.000000,0.000000,0.00,
2025-12-12T13:58:12.183481,system1,10-51-07-96-d5-49,dataset_1mb.csv,stream,success,0,1055116,3.759196,4.029052,0.000000,0.000000,0.00,
2025-12-12T13:58:12.183489,system1,10-51-07-96-d5-49,dataset_1mb.csv,stream,success,0,1055116,3.743697,4.011548,0.000000,0.000000,0.00,
2025-12-12T13:58:12.183496,system1,10-51-07-96-d5-49,dataset_1mb.csv,stream,success,0,1055116,3.754653,4.032747,0.000000,0.000000,0.00,
2025-12-12T13:58:12.183503,system1,10-51-07-96-d5-49,dataset_1mb.csv,stream,success,0,1055116,3.753097,3.993122,0.000000,0.000000,0.00,
2025-12-12T13:58:12.183510,system1,10-51-07-96-d5-49,dataset_1mb.csv,stream,success,0,1055116,3.753430,4.008716,0.000000,0.000000,0.00,
2025-12-12T13:58:12.183517,system1,10-51-07-96-d5-49,dataset_1mb.csv,stream,success,0,1055116,3.791399,4.028036,0.000000,0.000000,0.00,
2025-12-12T13:58:12.183524,system1,10-51-07-96-d5-49,dataset_1mb.csv,stream,success,0,1055116,3.759646,4.014578,0.000000,0.000000,0.00,
2025-12-12T13:58:12.183532,system1,10-51-07-96-d5-49,dataset_1mb.csv,stream,success,0,1055116,3.789311,3.981211,0.000000,0.000000,0.00,
2025-12-12T13:58:12.183539,system1,10-51-07-96-d5-49,dataset_1mb.csv,stream,success,0,1055116,3.786106,3.978960,0.000000,0.000000,0.00,
2025-12-12T13:58:12.183546,system1,10-51-07-96-d5-49,dataset_1mb.csv,stream,success,0,1055116,3.788204,3.983451,0.000000,0.000000,0.00,
2025-12-12T13:58:12.183553,system1,10-51-07-96-d5-49,dataset_1mb.csv,stream,success,0,1055116,3.817916,4.021192,0.000000,0.000000,0.00,
2025-12-12T13:58:12.183560,system1,10-51-07-96-d5-49,dataset_1mb.csv,stream,success,0,1055116,3.818879,4.024027,0.000000,0.000000,0.00,
